{"cowerage": {"test_loss": [480.01680336604045, 293.3850911700536, 198.88704238164993, 186.8373318142361, 180.91499522375682, 177.11243760850695, 174.16541689918154, 171.64116229102726, 169.29478992280505, 167.01623251778742, 164.9170443338061, 162.70831074790348, 160.84553351023843, 159.33286100115095, 157.51128742278567, 156.0659620012556, 154.94093418424094, 153.49323086208767, 151.77749142116969, 149.50182674347408, 146.68261109609452, 143.77865399557447, 142.36901109483506, 140.76230312529063, 138.6122600131565, 131.90812140570748, 123.7296741425045, 111.84597775898283, 97.73411250038752, 83.01642364017546, 70.05284828912643, 59.841104689098536, 52.48646379198346, 47.069514898269894, 43.06361262911842, 40.034509770832365, 37.78203439863901, 35.7824052129473, 34.18990465345836, 32.945985813746375], "wer": [1.184311866760254, 1.0, 1.0, 1.0, 1.0, 1.0, 1.0, 1.0, 1.0, 1.0, 1.0, 1.0, 1.0, 1.0, 1.0, 1.0, 1.0, 1.0, 1.0, 1.0, 1.0, 1.0, 1.0, 1.0, 1.0, 1.0, 1.0, 1.0015158653259277, 1.002733588218689, 0.9899287819862366, 0.9093542098999023, 0.7686071395874023, 0.6848278045654297, 0.6166964173316956, 0.5714402794837952, 0.5365888476371765, 0.5088047981262207, 0.48928597569465637, 0.4746882915496826, 0.46298471093177795], "cer": [1.0734063386917114, 0.9999909996986389, 1.0, 1.0, 1.0, 1.0, 1.0, 1.0, 1.0, 1.0, 1.0, 1.0, 1.0, 1.0, 1.0, 1.0, 1.0, 1.0, 1.0, 1.0, 0.9924889206886292, 0.9800338745117188, 0.9776590466499329, 0.973064124584198, 0.9719996452331543, 0.967390775680542, 0.9047768712043762, 0.7546479105949402, 0.6464388370513916, 0.531947135925293, 0.4033905267715454, 0.2986958920955658, 0.24862509965896606, 0.21229951083660126, 0.19022150337696075, 0.1749141961336136, 0.16325189173221588, 0.15516532957553864, 0.14914287626743317, 0.1445624828338623]}, "random": {"test_loss": [469.56553771003837, 272.9378904554579, 200.46464775933157, 188.26465846470424, 182.26954834953187, 178.33260556175597, 175.31830265105717, 172.6522962297712, 170.13747764466302, 167.76263824947296, 165.47677675277467, 163.3164033193437, 161.3626069447351, 159.573049539233, 157.96310023958722, 156.38065891568624, 155.02951373145694, 153.81109749930246, 152.56843362232996, 151.1838829161629, 149.37228611537387, 146.1924723428393, 143.35749158102368, 141.81472829182943, 140.60332786923365, 137.98302175128273, 134.44079003712488, 126.22082574026926, 114.96529642740886, 100.72293270050534, 86.00375220283631, 73.32282696678526, 62.91584894089471, 55.059954749213325, 49.14875926668682, 44.860003217061355, 41.48372198135134, 39.056881898546976, 36.71449259500655, 35.000190707615445], "wer": [1.18351411819458, 1.0, 1.0, 1.0, 1.0, 1.0, 1.0, 1.0, 1.0, 1.0, 1.0, 1.0, 1.0, 1.0, 1.0, 1.0, 1.0, 1.0, 1.0, 1.0, 1.0, 1.0, 1.0, 1.0, 1.0, 1.0, 1.0, 0.9999763369560242, 0.9980431199073792, 0.9977714419364929, 0.9816126823425293, 0.9090383648872375, 0.8043403029441833, 0.7212800979614258, 0.6584568619728088, 0.6034495830535889, 0.563170850276947, 0.5280669331550598, 0.5046074986457825, 0.48666849732398987], "cer": [0.911381721496582, 1.0, 1.0, 1.0, 1.0, 1.0, 1.0, 1.0, 1.0, 1.0, 1.0, 1.0, 1.0, 1.0, 1.0, 1.0, 1.0, 1.0, 1.0, 1.0, 1.0, 0.9872751832008362, 0.9800803065299988, 0.9757146835327148, 0.9724414944648743, 0.9717465043067932, 0.9571865200996399, 0.9148948788642883, 0.7838122844696045, 0.6294408440589905, 0.5224291682243347, 0.40325286984443665, 0.31709954142570496, 0.2631060779094696, 0.2295600175857544, 0.20334459841251373, 0.18610167503356934, 0.17071326076984406, 0.16086885333061218, 0.15296028554439545]}, "top_k": {"test_loss": [466.7452523852151, 262.0304413568406, 197.64392867315382, 186.7075878324963, 181.19537508525545, 177.42486361549015, 174.56358744303384, 172.0286344013517, 169.6524572099958, 167.35982421390594, 165.19596547929066, 163.3947296626984, 161.45794949001737, 159.5182292514377, 158.04325342329722, 156.5897348434206, 155.59554518442306, 154.47345812358552, 153.55599682520304, 152.50466765146408, 150.4884100414458, 147.4498820592487, 144.73380575028673, 143.3215551346067, 142.29535352918836, 140.4370692782932, 133.81243121434773, 126.03373598371233, 114.57977474152096, 100.92471543569415, 88.18465073600647, 77.05501174321249, 67.23059402950226, 59.08226263258192, 52.65384872073219, 47.886316898890904, 44.547477779691185, 41.842035820370626, 39.69403796120295, 37.92321708921403], "wer": [1.1152600049972534, 1.0, 1.0, 1.0, 1.0, 1.0, 1.0, 1.0, 1.0, 1.0, 1.0, 1.0, 1.0, 1.0, 1.0, 1.0, 1.0, 1.0, 1.0, 1.0, 1.0, 1.0, 1.0, 1.0, 1.0, 1.0, 1.0, 1.0, 1.000197172164917, 1.004937767982483, 1.0008186101913452, 0.9530826210975647, 0.8823297023773193, 0.8060819506645203, 0.7421591281890869, 0.6942775845527649, 0.6593599319458008, 0.6327362656593323, 0.6033894419670105, 0.5793466567993164], "cer": [0.9644799828529358, 1.0, 1.0, 1.0, 1.0, 1.0, 1.0, 1.0, 1.0, 1.0, 1.0, 1.0, 1.0, 1.0, 1.0, 1.0, 1.0, 1.0, 1.0, 1.0, 1.0, 0.9930093884468079, 0.9800836443901062, 0.9772162437438965, 0.9762592315673828, 0.9762230515480042, 0.9707873463630676, 0.9182761311531067, 0.7807334065437317, 0.6517045497894287, 0.5475003123283386, 0.45205065608024597, 0.3664339780807495, 0.2984400987625122, 0.25185859203338623, 0.22071461379528046, 0.20286476612091064, 0.19013305008411407, 0.17817769944667816, 0.16968320310115814]}, "bottom_k": {"test_loss": [472.27402852376304, 292.09569162035746, 201.45019848535932, 187.8317878117637, 181.4208729577443, 177.4446686033219, 174.31854088192893, 171.7447101048061, 169.34027494400266, 167.05899098714193, 164.8658293830024, 162.79713311573815, 160.92330719478545, 159.1051616002643, 157.51597554040333, 155.86080298045326, 154.3864486694336, 153.05995821271623, 151.35244388883078, 148.92867182171537, 145.64153934054903, 143.47121159387015, 142.08326222253226, 141.00569545200892, 139.72213259500168, 137.77511167980376, 132.3424542623853, 125.1151741754441, 114.41355810014028, 100.74162752666172, 87.44757150316995, 75.42476324051145, 65.17364688449436, 57.21138633849129, 51.2730951218378, 46.58422624194433, 43.24692244454036, 40.768120621878005, 38.60901432642861, 36.99375876774864], "wer": [1.0812420845031738, 1.0, 1.0, 1.0, 1.0, 1.0, 1.0, 1.0, 1.0, 1.0, 1.0, 1.0, 1.0, 1.0, 1.0, 1.0, 1.0, 1.0, 1.0, 1.0, 1.0, 1.0, 1.0, 1.0, 1.0, 1.0, 1.0, 1.000022053718567, 0.9996635317802429, 1.0014392137527466, 0.9794675707817078, 0.9201632142066956, 0.827988862991333, 0.7438482642173767, 0.6736865043640137, 0.6243175864219666, 0.5869438052177429, 0.5585258603096008, 0.536536455154419, 0.5175585150718689], "cer": [0.9316806793212891, 0.9999793171882629, 1.0, 1.0, 1.0, 1.0, 1.0, 1.0, 1.0, 1.0, 1.0, 1.0, 1.0, 1.0, 1.0, 1.0, 1.0, 1.0, 1.0, 1.0, 0.9801769256591797, 0.9764484763145447, 0.974647045135498, 0.9746754765510559, 0.9745016098022461, 0.9728363156318665, 0.965178906917572, 0.9152669906616211, 0.8320329189300537, 0.6956453323364258, 0.5649251937866211, 0.4693077504634857, 0.37374043464660645, 0.3077727258205414, 0.25634458661079407, 0.22355280816555023, 0.20021361112594604, 0.1848522424697876, 0.17456018924713135, 0.16576658189296722]}}